{
  "best_global_step": null,
  "best_metric": null,
  "best_model_checkpoint": null,
  "epoch": 0.21374372127818744,
  "eval_steps": 500,
  "global_step": 2000,
  "is_hyper_param_search": false,
  "is_local_process_zero": true,
  "is_world_process_zero": true,
  "log_history": [
    {
      "epoch": 0.05343593031954686,
      "grad_norm": 3.421433448791504,
      "learning_rate": 4.9111182359018204e-05,
      "loss": 3.4777,
      "step": 500
    },
    {
      "epoch": 0.10687186063909372,
      "grad_norm": 2.784428834915161,
      "learning_rate": 4.822058352035909e-05,
      "loss": 3.4472,
      "step": 1000
    },
    {
      "epoch": 0.1603077909586406,
      "grad_norm": 2.83304762840271,
      "learning_rate": 4.732998468169998e-05,
      "loss": 3.4363,
      "step": 1500
    },
    {
      "epoch": 0.21374372127818744,
      "grad_norm": 2.4319651126861572,
      "learning_rate": 4.643938584304086e-05,
      "loss": 3.4107,
      "step": 2000
    }
  ],
  "logging_steps": 500,
  "max_steps": 28071,
  "num_input_tokens_seen": 0,
  "num_train_epochs": 3,
  "save_steps": 1000,
  "stateful_callbacks": {
    "TrainerControl": {
      "args": {
        "should_epoch_stop": false,
        "should_evaluate": false,
        "should_log": false,
        "should_save": true,
        "should_training_stop": false
      },
      "attributes": {}
    }
  },
  "total_flos": 522584064000000.0,
  "train_batch_size": 4,
  "trial_name": null,
  "trial_params": null
}
